ratio_A,ratio_B,ration_C,ratio_D,C_stable_similarity,D_stable_similarity,E_stable__similarity,average_stable_similarity(C、D、E三个溶剂的平均值),C_mix_similarity,D_mix_similarity,E_mix_similarity,C_MinAbsPartialCharge,C_MinEStateIndex,D_FpDensityMorgan1,D_Kappa3,D_MaxAbsPartialCharge,D_MinAbsPartialCharge,D_MinPartialCharge,D_MolLogP,D_qed,E_BalabanJ,E_MinAbsEStateIndex,E_MinPartialCharge,E_qed,Retation index
0.72,0.24,0.02,0.01,0.31287825,0.33475372,0.28543487,0.31102228,1.52151552,1.43194772,1.07506076,0.039774526,1.321759259,1.714285714,0.734423082,0.345748915,0.221873564,-0.345748915,0.2386,0.425686211,1,1,-0.399630244,0.385284404,0.815951493
0.72,0.24,0.02,0.01,0.301399,0.37061197,0.31287825,0.328296407,0.6736336,0.86131363,1.52151552,0.06813694,0.139722222,1,1.92,0.393990542,0.06622664,-0.393990542,-1.029,0.407527891,3.02146531,1.321759259,-0.062249086,0.45880628,0.777777778
0.72,0.24,0.02,0.01,0.37061197,0.17376229,0.33475372,0.29304266,0.86131363,0.72049395,1.43194772,0.06622664,-0.125,1.6,3.96,0.330473681,0.007737643,-0.330473681,0.7452,0.512414872,2.478438739,0.291666667,-0.345748915,0.425686211,0.08815754
0.72,0.24,0.02,0.01,0.33475372,0.18487532,0.2553321,0.25832038,1.43194772,0.94695218,1.24702681,0.221873564,0.291666667,0.625,6,0.065382383,0.053316205,-0.065382383,3.3668,0.480610605,2.803039488,0.833333333,-0.481433475,0.429882883,0.411947086
0.72,0.24,0.02,0.01,0.37623513,0.38635278,0.17376229,0.312116733,1.26580363,1.65491533,0.72049395,0.126267944,0.166666667,0.833333333,4,0.065382385,0.053578702,-0.065382385,2.5866,0.462954281,2.190609687,0.84375,-0.330473681,0.512414872,0.177251471
0.72,0.24,0.02,0.01,0.484608203,0.28543487,0.28364202,0.351228364,1.192729653,1.07506076,1.46313156,0.218425131,0.092592593,1.5,-27.04,0.399630244,0.031940684,-0.399630244,-0.3915,0.385284404,2.83125711,0.210648148,-0.46617189,0.437850878,0.481130835
0.72,0.24,0.02,0.01,0.38635278,0.37118155,0.370144367,0.375892899,1.65491533,1.69758505,1.210980037,0.053578702,1.355,1.5,1128.96,0.393706902,0.048347612,-0.393706902,0.3871,0.428404794,2.367351851,0.046296296,-0.465656557,0.396777661,0.536059577
0.72,0.24,0.02,0.01,0.18914637,0.370144367,0.33377582,0.297688852,1.080198396,1.210980037,1.0796178,0.040220582,0.25,1.666666667,0.505725462,0.465656557,0.305409841,-0.465656557,0.3234,0.396777661,2.539538861,0.138888889,-0.393700042,0.435834997,0.512598425
0.72,0.24,0.02,0.01,0.28543487,0.3221654,0.38635278,0.331317683,1.07506076,1.384727476,1.65491533,0.031940684,1,1.5,6.883957759,0.300343903,0.126267944,-0.300343903,0.5953,0.398236962,2.339092315,1.355,-0.065382385,0.462954281,0.25648213
0.72,0.24,0.02,0.01,0.3221654,0.2553321,0.18487532,0.254124273,1.384727476,1.24702681,0.94695218,0.126267944,0.166666667,2,1.156009256,0.481433475,0.299684553,-0.481433475,0.0909,0.429882883,2.530060457,1.364795918,-0.065382383,0.480610605,0.676196809
0.72,0.24,0.02,0.01,0.17376229,0.18914637,0.3221654,0.22835802,0.72049395,1.080198396,1.384727476,0.007737643,0.84375,2,1.96,0.396663715,0.040220582,-0.396663715,-0.0014,0.406807966,2.803039488,0.166666667,-0.300343903,0.398236962,0.719165085
0.72,0.24,0.02,0.01,0.18487532,0.37623513,0.37118155,0.310764,0.94695218,1.26580363,1.69758505,0.053316205,1.364795918,1.5,6.883957759,0.300343903,0.126267944,-0.300343903,0.5953,0.398236962,2.323790008,0.166666667,-0.393706902,0.428404794,0.458516746
0.72,0.24,0.02,0.01,0.370144367,0.484608203,0.4256237,0.42679209,1.210980037,1.192729653,1.54721435,0.305409841,-0.046296296,1.5,1.758184438,0.349064265,0.218425131,-0.349064265,0.0945,0.409906883,3.134861511,0.605709877,-0.082713195,0.528586339,0.164867725
0.72,0.24,0.02,0.01,0.33377582,0.19431809,0.37061197,0.299568627,1.0796178,0.547261949,0.86131363,0.074238644,-0.560185185,0.857142857,2.63114094,0.304159943,0.004743854,-0.304159943,1.3481,0.51837487,1.974744871,0.125,-0.393990542,0.407527891,0.320855148
0.72,0.24,0.02,0.01,0.37118155,0.31287825,0.484608203,0.389556001,1.69758505,1.52151552,1.192729653,0.048347612,-0.166666667,1,1.038264132,0.062249086,0.039774526,-0.062249086,1.99502,0.45880628,3.257586161,0.092592593,-0.349064265,0.409906883,0.218630339
0.55,0.4,0.025,0.025,0.31287825,0.37061197,0,0.227830073,1.52151552,0.86131363,0,0.039774526,1.321759259,1,1.92,0.393990542,0.06622664,-0.393990542,-1.029,0.407527891,0,0,0,0,1.141698677
0.55,0.4,0.025,0.025,0.33475372,0.3221654,0,0.21897304,1.43194772,1.384727476,0,0.221873564,0.291666667,1.5,6.883957759,0.300343903,0.126267944,-0.300343903,0.5953,0.398236962,0,0,0,0,0.712090848
0.55,0.4,0.025,0.025,0.28543487,0.19431809,0,0.159917653,1.07506076,0.547261949,0,0.031940684,1,0.857142857,2.63114094,0.304159943,0.004743854,-0.304159943,1.3481,0.51837487,0,0,0,0,0.867630824
0.55,0.4,0.025,0.025,0.2553321,0.484608203,0,0.246646768,1.24702681,1.192729653,0,0.299684553,-0.833333333,1.5,1.758184438,0.349064265,0.218425131,-0.349064265,0.0945,0.409906883,0,0,0,0,1.161764706
0.55,0.4,0.025,0.025,0.301399,0.4256237,0,0.2423409,0.6736336,1.54721435,0,0.06813694,0.139722222,0.875,1.145679012,0.082713195,0.059180344,-0.082713195,2.9934,0.528586339,0,0,0,0,0.650621118
0.55,0.4,0.025,0.025,0.17376229,0.18914637,0,0.120969553,0.72049395,1.080198396,0,0.007737643,0.84375,2,1.96,0.396663715,0.040220582,-0.396663715,-0.0014,0.406807966,0,0,0,0,12.2037037
0.55,0.4,0.025,0.025,0.370144367,0.37118155,0,0.247108639,1.210980037,1.69758505,0,0.305409841,-0.046296296,1.5,1128.96,0.393706902,0.048347612,-0.393706902,0.3871,0.428404794,0,0,0,0,7.540740741
0.55,0.4,0.025,0.025,0.37623513,0.18487532,0,0.187036817,1.26580363,0.94695218,0,0.126267944,0.166666667,0.625,6,0.065382383,0.053316205,-0.065382383,3.3668,0.480610605,0,0,0,0,0.646234995
0.55,0.4,0.025,0.025,0.38635278,0.33377582,0,0.240042867,1.65491533,1.0796178,0,0.053578702,1.355,1.8,3.92,0.393700042,0.074238644,-0.393700042,-0.6405,0.435834997,0,0,0,0,0.897697541
0.55,0.4,0.025,0.025,0.37118155,0.370144367,0,0.247108639,1.69758505,1.210980037,0,0.048347612,-0.166666667,1.666666667,0.505725462,0.465656557,0.305409841,-0.465656557,0.3234,0.396777661,0,0,0,0,1.641135512
0.55,0.4,0.025,0.025,0.18914637,0.17376229,0,0.120969553,1.080198396,0.72049395,0,0.040220582,0.25,1.6,3.96,0.330473681,0.007737643,-0.330473681,0.7452,0.512414872,0,0,0,0,-0.222776911
0.55,0.4,0.025,0.025,0.4256237,0.301399,0,0.2423409,1.54721435,0.6736336,0,0.059180344,0.605709877,1.125,1.073981897,0.391680468,0.06813694,-0.391680468,1.1789,0.572343612,0,0,0,0,0.634511684
0.55,0.4,0.025,0.025,0.484608203,0.2553321,0,0.246646768,1.192729653,1.24702681,0,0.218425131,0.092592593,2,1.156009256,0.481433475,0.299684553,-0.481433475,0.0909,0.429882883,0,0,0,0,0.375279503
0.55,0.4,0.025,0.025,0.19431809,0.28543487,0,0.159917653,0.547261949,1.07506076,0,0.004743854,1.1875,1.5,-27.04,0.399630244,0.031940684,-0.399630244,-0.3915,0.385284404,0,0,0,0,0.936548223
0.55,0.4,0.025,0.025,0.3221654,0.33475372,0,0.21897304,1.384727476,1.43194772,0,0.126267944,0.166666667,1.714285714,0.734423082,0.345748915,0.221873564,-0.345748915,0.2386,0.425686211,0,0,0,0,0.032743509
0.55,0.4,0.05,0.025,0.37061197,0.31287825,0,0.227830073,0.86131363,1.52151552,0,0.06622664,-0.125,1,1.038264132,0.062249086,0.039774526,-0.062249086,1.99502,0.45880628,0,0,0,0,0.223194748
0.55,0.4,0.05,0,0.33475372,0,0,0.111584573,1.43194772,0,0,0.221873564,0.291666667,0,0,0,0,0,0,0,0,0,0,0,0.005346182
0.55,0.4,0.05,0,0.28543487,0,0,0.095144957,1.07506076,0,0,0.031940684,1,0,0,0,0,0,0,0,0,0,0,0,1.22385043
0.55,0.4,0.05,0,0.2553321,0,0,0.0851107,1.24702681,0,0,0.299684553,-0.833333333,0,0,0,0,0,0,0,0,0,0,0,0.536375377
0.55,0.4,0.05,0,0.301399,0,0,0.100466333,0.6736336,0,0,0.06813694,0.139722222,0,0,0,0,0,0,0,0,0,0,0,-0.005853774
0.55,0.4,0.05,0,0.28364202,0,0,0.09454734,1.46313156,0,0,0.302112778,-0.210648148,0,0,0,0,0,0,0,0,0,0,0,0.148403977
0.55,0.4,0.05,0,0.370144367,0,0,0.123381456,1.210980037,0,0,0.305409841,-0.046296296,0,0,0,0,0,0,0,0,0,0,0,0.26274057
0.55,0.4,0.05,0,0.37623513,0,0,0.12541171,1.26580363,0,0,0.126267944,0.166666667,0,0,0,0,0,0,0,0,0,0,0,1.160097521
0.55,0.4,0.05,0,0.33377582,0,0,0.111258607,1.0796178,0,0,0.074238644,-0.560185185,0,0,0,0,0,0,0,0,0,0,0,0.964994775
0.55,0.4,0.05,0,0.38635278,0,0,0.12878426,1.65491533,0,0,0.053578702,1.355,0,0,0,0,0,0,0,0,0,0,0,-0.350645756
0.55,0.4,0.05,0,0.18487532,0,0,0.061625107,0.94695218,0,0,0.053316205,1.364795918,0,0,0,0,0,0,0,0,0,0,0,-0.048217684
0.55,0.4,0.05,0,0.37118155,0,0,0.123727183,1.69758505,0,0,0.048347612,-0.166666667,0,0,0,0,0,0,0,0,0,0,0,10.70317003
0.55,0.4,0.05,0,0.18914637,0,0,0.06304879,1.080198396,0,0,0.040220582,0.25,0,0,0,0,0,0,0,0,0,0,0,1.281795511
0.55,0.4,0.05,0,0.4256237,0,0,0.141874567,1.54721435,0,0,0.059180344,0.605709877,0,0,0,0,0,0,0,0,0,0,0,1.712728344
0.55,0.4,0.05,0,0.484608203,0,0,0.161536068,1.192729653,0,0,0.218425131,0.092592593,0,0,0,0,0,0,0,0,0,0,0,2.818589744
0.55,0.4,0.05,0,0.19431809,0,0,0.064772697,0.547261949,0,0,0.004743854,1.1875,0,0,0,0,0,0,0,0,0,0,0,0.875137615
0.55,0.4,0.05,0,0.3221654,0,0,0.107388467,1.384727476,0,0,0.126267944,0.166666667,0,0,0,0,0,0,0,0,0,0,0,0.465318231
0.55,0.4,0.05,0,0.37061197,0,0,0.123537323,0.86131363,0,0,0.06622664,-0.125,0,0,0,0,0,0,0,0,0,0,0,0.163811685
0.6,0.32,0.1,0.1,0.33475372,0.370144367,0.3221654,0.342354496,1.43194772,1.210980037,1.384727476,0.221873564,0.291666667,1.666666667,0.505725462,0.465656557,0.305409841,-0.465656557,0.3234,0.396777661,2.803039488,0.166666667,-0.300343903,0.398236962,2.869910626
0.6,0.32,0.1,0.1,0.28543487,0.28364202,0.19431809,0.254464993,1.07506076,1.46313156,0.547261949,0.031940684,1,1.833333333,3.47,0.46617189,0.302112778,-0.46617189,0.5694,0.437850878,2.992302883,1.1875,-0.304159943,0.51837487,0.851778656
0.6,0.32,0.1,0.1,0.2553321,0.17376229,0.484608203,0.304567531,1.24702681,0.72049395,1.192729653,0.299684553,-0.833333333,1.6,3.96,0.330473681,0.007737643,-0.330473681,0.7452,0.512414872,3.257586161,0.092592593,-0.349064265,0.409906883,5.777627119
0.6,0.32,0.1,0.1,0.301399,0.2553321,0.4256237,0.3274516,0.6736336,1.24702681,1.54721435,0.06813694,0.139722222,2,1.156009256,0.481433475,0.299684553,-0.481433475,0.0909,0.429882883,3.134861511,0.605709877,-0.082713195,0.528586339,1.186282151
0.6,0.32,0.1,0.1,0.28364202,0.28543487,0.37118155,0.31341948,1.46313156,1.07506076,1.69758505,0.302112778,-0.210648148,1.5,-27.04,0.399630244,0.031940684,-0.399630244,-0.3915,0.385284404,2.323790008,0.166666667,-0.393706902,0.428404794,0.031446224
0.6,0.32,0.1,0.1,0.370144367,0.33475372,0.18487532,0.296591136,1.210980037,1.43194772,0.94695218,0.305409841,-0.046296296,1.714285714,0.734423082,0.345748915,0.221873564,-0.345748915,0.2386,0.425686211,2.530060457,1.364795918,-0.065382383,0.480610605,0.734981119
0.6,0.32,0.1,0.1,0.37623513,0.31287825,0.38635278,0.35848872,1.26580363,1.52151552,1.65491533,0.126267944,0.166666667,1,1.038264132,0.062249086,0.039774526,-0.062249086,1.99502,0.45880628,2.339092315,1.355,-0.065382385,0.462954281,0.872698989
0.6,0.32,0.1,0.1,0.33377582,0.38635278,0.18487532,0.301667973,1.0796178,1.65491533,0.94695218,0.074238644,-0.560185185,0.833333333,4,0.065382385,0.053578702,-0.065382385,2.5866,0.462954281,2.530060457,1.364795918,-0.065382383,0.480610605,0.324939662
0.6,0.32,0.1,0.1,0.31287825,0.33475372,0.3221654,0.32326579,1.52151552,1.43194772,1.384727476,0.039774526,1.321759259,1.714285714,0.734423082,0.345748915,0.221873564,-0.345748915,0.2386,0.425686211,2.803039488,0.166666667,-0.300343903,0.398236962,1.285498489
0.6,0.32,0.1,0.1,0.31287825,0.33475372,0.3221654,0.32326579,1.52151552,1.43194772,1.384727476,0.039774526,1.321759259,1.714285714,0.734423082,0.345748915,0.221873564,-0.345748915,0.2386,0.425686211,2.803039488,0.166666667,-0.300343903,0.398236962,0.910876133
0.6,0.32,0.1,0.1,0.31287825,0.33475372,0.3221654,0.32326579,1.52151552,1.43194772,1.384727476,0.039774526,1.321759259,1.714285714,0.734423082,0.345748915,0.221873564,-0.345748915,0.2386,0.425686211,2.803039488,0.166666667,-0.300343903,0.398236962,1.036253776
0.6,0.32,0.1,0.1,0.31287825,0.33475372,0.3221654,0.32326579,1.52151552,1.43194772,1.384727476,0.039774526,1.321759259,1.714285714,0.734423082,0.345748915,0.221873564,-0.345748915,0.2386,0.425686211,2.803039488,0.166666667,-0.300343903,0.398236962,1.172205438
0.6,0.32,0.1,0.1,0.31287825,0.301399,0.33475372,0.316343657,1.52151552,0.6736336,1.43194772,0.039774526,1.321759259,1.125,1.073981897,0.391680468,0.06813694,-0.391680468,1.1789,0.572343612,2.478438739,0.291666667,-0.345748915,0.425686211,0.523108218
0.6,0.32,0.1,0.1,0.31287825,0.301399,0.33475372,0.316343657,1.52151552,0.6736336,1.43194772,0.039774526,1.321759259,1.125,1.073981897,0.391680468,0.06813694,-0.391680468,1.1789,0.572343612,2.478438739,0.291666667,-0.345748915,0.425686211,0.532465419
0.6,0.32,0.1,0.1,0.31287825,0.301399,0.33475372,0.316343657,1.52151552,0.6736336,1.43194772,0.039774526,1.321759259,1.125,1.073981897,0.391680468,0.06813694,-0.391680468,1.1789,0.572343612,2.478438739,0.291666667,-0.345748915,0.425686211,0.503824247
0.6,0.32,0.1,0.1,0.31287825,0.301399,0.33475372,0.316343657,1.52151552,0.6736336,1.43194772,0.039774526,1.321759259,1.125,1.073981897,0.391680468,0.06813694,-0.391680468,1.1789,0.572343612,2.478438739,0.291666667,-0.345748915,0.425686211,0.444344996
0.6,0.32,0.1,0.1,0.31287825,0.301399,0.28543487,0.29990404,1.52151552,0.6736336,1.07506076,0.039774526,1.321759259,1.125,1.073981897,0.391680468,0.06813694,-0.391680468,1.1789,0.572343612,1,1,-0.399630244,0.385284404,0.205454545
0.6,0.32,0.1,0.1,0.31287825,0.301399,0.28543487,0.29990404,1.52151552,0.6736336,1.07506076,0.039774526,1.321759259,1.125,1.073981897,0.391680468,0.06813694,-0.391680468,1.1789,0.572343612,1,1,-0.399630244,0.385284404,0.077527273
0.6,0.32,0.1,0.1,0.31287825,0.301399,0.370144367,0.328140539,1.52151552,0.6736336,1.210980037,0.039774526,1.321759259,1.125,1.073981897,0.391680468,0.06813694,-0.391680468,1.1789,0.572343612,2.367351851,0.046296296,-0.465656557,0.396777661,0.383171706
0.6,0.32,0.1,0.1,0.31287825,0.301399,0.370144367,0.328140539,1.52151552,0.6736336,1.210980037,0.039774526,1.321759259,1.125,1.073981897,0.391680468,0.06813694,-0.391680468,1.1789,0.572343612,2.367351851,0.046296296,-0.465656557,0.396777661,1.385054193
0.6,0.32,0.1,0.1,0.31287825,0.301399,0.370144367,0.328140539,1.52151552,0.6736336,1.210980037,0.039774526,1.321759259,1.125,1.073981897,0.391680468,0.06813694,-0.391680468,1.1789,0.572343612,2.367351851,0.046296296,-0.465656557,0.396777661,2.714774672
0.6,0.32,0.1,0.1,0.31287825,0.301399,0.370144367,0.328140539,1.52151552,0.6736336,1.210980037,0.039774526,1.321759259,1.125,1.073981897,0.391680468,0.06813694,-0.391680468,1.1789,0.572343612,2.367351851,0.046296296,-0.465656557,0.396777661,3.634341129
0.6,0.32,0.1,0.1,0.31287825,0.37118155,0.370144367,0.351401389,1.52151552,1.69758505,1.210980037,0.039774526,1.321759259,1.5,1128.96,0.393706902,0.048347612,-0.393706902,0.3871,0.428404794,2.367351851,0.046296296,-0.465656557,0.396777661,0.779793637
0.6,0.32,0.1,0.1,0.31287825,0.37118155,0.370144367,0.351401389,1.52151552,1.69758505,1.210980037,0.039774526,1.321759259,1.5,1128.96,0.393706902,0.048347612,-0.393706902,0.3871,0.428404794,2.367351851,0.046296296,-0.465656557,0.396777661,1.024075666
0.6,0.32,0.1,0.1,0.31287825,0.37118155,0.370144367,0.351401389,1.52151552,1.69758505,1.210980037,0.039774526,1.321759259,1.5,1128.96,0.393706902,0.048347612,-0.393706902,0.3871,0.428404794,2.367351851,0.046296296,-0.465656557,0.396777661,1.049871023
0.6,0.32,0.1,0.1,0.31287825,0.37118155,0.370144367,0.351401389,1.52151552,1.69758505,1.210980037,0.039774526,1.321759259,1.5,1128.96,0.393706902,0.048347612,-0.393706902,0.3871,0.428404794,2.367351851,0.046296296,-0.465656557,0.396777661,1.235597592
0.6,0.32,0.1,0.1,0.31287825,0.33475372,0.370144367,0.339258779,1.52151552,1.43194772,1.210980037,0.039774526,1.321759259,1.714285714,0.734423082,0.345748915,0.221873564,-0.345748915,0.2386,0.425686211,2.367351851,0.046296296,-0.465656557,0.396777661,0.916571429
0.6,0.32,0.1,0.1,0.31287825,0.33475372,0.370144367,0.339258779,1.52151552,1.43194772,1.210980037,0.039774526,1.321759259,1.714285714,0.734423082,0.345748915,0.221873564,-0.345748915,0.2386,0.425686211,2.367351851,0.046296296,-0.465656557,0.396777661,0.897714286
0.72,0.24,0.02,0.01,0.31287825,0.33475372,0.28543487,0.31102228,1.52151552,1.43194772,1.07506076,0.039774526,1.321759259,1.714285714,0.734423082,0.345748915,0.221873564,-0.345748915,0.2386,0.425686211,1,1,-0.399630244,0.385284404,0.935634328
0.72,0.24,0.02,0.01,0.31287825,0.33475372,0.28543487,0.31102228,1.52151552,1.43194772,1.07506076,0.039774526,1.321759259,1.714285714,0.734423082,0.345748915,0.221873564,-0.345748915,0.2386,0.425686211,1,1,-0.399630244,0.385284404,0.880503731
0.72,0.24,0.02,0.01,0.31287825,0.33475372,0.28543487,0.31102228,1.52151552,1.43194772,1.07506076,0.039774526,1.321759259,1.714285714,0.734423082,0.345748915,0.221873564,-0.345748915,0.2386,0.425686211,1,1,-0.399630244,0.385284404,0.851399254
0.72,0.24,0.02,0.01,0.301399,0.37061197,0.31287825,0.328296407,0.6736336,0.86131363,1.52151552,0.06813694,0.139722222,1,1.92,0.393990542,0.06622664,-0.393990542,-1.029,0.407527891,3.02146531,1.321759259,-0.062249086,0.45880628,0.729437229
0.72,0.24,0.02,0.01,0.301399,0.37061197,0.31287825,0.328296407,0.6736336,0.86131363,1.52151552,0.06813694,0.139722222,1,1.92,0.393990542,0.06622664,-0.393990542,-1.029,0.407527891,3.02146531,1.321759259,-0.062249086,0.45880628,0.753246753
0.72,0.24,0.02,0.01,0.301399,0.37061197,0.31287825,0.328296407,0.6736336,0.86131363,1.52151552,0.06813694,0.139722222,1,1.92,0.393990542,0.06622664,-0.393990542,-1.029,0.407527891,3.02146531,1.321759259,-0.062249086,0.45880628,0.80952381
0.72,0.24,0.02,0.01,0.37061197,0.17376229,0.33475372,0.29304266,0.86131363,0.72049395,1.43194772,0.06622664,-0.125,1.6,3.96,0.330473681,0.007737643,-0.330473681,0.7452,0.512414872,2.478438739,0.291666667,-0.345748915,0.425686211,0.191232803
0.72,0.24,0.02,0.01,0.37061197,0.17376229,0.33475372,0.29304266,0.86131363,0.72049395,1.43194772,0.06622664,-0.125,1.6,3.96,0.330473681,0.007737643,-0.330473681,0.7452,0.512414872,2.478438739,0.291666667,-0.345748915,0.425686211,0.132263286
0.72,0.24,0.02,0.01,0.37061197,0.17376229,0.33475372,0.29304266,0.86131363,0.72049395,1.43194772,0.06622664,-0.125,1.6,3.96,0.330473681,0.007737643,-0.330473681,0.7452,0.512414872,2.478438739,0.291666667,-0.345748915,0.425686211,0.110547613
0.72,0.24,0.02,0.01,0.28364202,0.301399,0.19431809,0.25978637,1.46313156,0.6736336,0.547261949,0.302112778,-0.210648148,1.125,1.073981897,0.391680468,0.06813694,-0.391680468,1.1789,0.572343612,2.992302883,1.1875,-0.304159943,0.51837487,0.15258012
0.72,0.24,0.02,0.01,0.33475372,0.18487532,0.2553321,0.25832038,1.43194772,0.94695218,1.24702681,0.221873564,0.291666667,0.625,6,0.065382383,0.053316205,-0.065382383,3.3668,0.480610605,2.803039488,0.833333333,-0.481433475,0.429882883,0.630425796
0.72,0.24,0.02,0.01,0.33475372,0.18487532,0.2553321,0.25832038,1.43194772,0.94695218,1.24702681,0.221873564,0.291666667,0.625,6,0.065382383,0.053316205,-0.065382383,3.3668,0.480610605,2.803039488,0.833333333,-0.481433475,0.429882883,0.490698636
0.72,0.24,0.02,0.01,0.33475372,0.18487532,0.2553321,0.25832038,1.43194772,0.94695218,1.24702681,0.221873564,0.291666667,0.625,6,0.065382383,0.053316205,-0.065382383,3.3668,0.480610605,2.803039488,0.833333333,-0.481433475,0.429882883,0.445638694
0.72,0.24,0.02,0.01,0.37623513,0.38635278,0.17376229,0.312116733,1.26580363,1.65491533,0.72049395,0.126267944,0.166666667,0.833333333,4,0.065382385,0.053578702,-0.065382385,2.5866,0.462954281,2.190609687,0.84375,-0.330473681,0.512414872,0.45210439
0.72,0.24,0.02,0.01,0.37623513,0.38635278,0.17376229,0.312116733,1.26580363,1.65491533,0.72049395,0.126267944,0.166666667,0.833333333,4,0.065382385,0.053578702,-0.065382385,2.5866,0.462954281,2.190609687,0.84375,-0.330473681,0.512414872,0.378639312
0.72,0.24,0.02,0.01,0.37623513,0.38635278,0.17376229,0.312116733,1.26580363,1.65491533,0.72049395,0.126267944,0.166666667,0.833333333,4,0.065382385,0.053578702,-0.065382385,2.5866,0.462954281,2.190609687,0.84375,-0.330473681,0.512414872,0.246945241
0.72,0.24,0.02,0.01,0.484608203,0.28543487,0.28364202,0.351228364,1.192729653,1.07506076,1.46313156,0.218425131,0.092592593,1.5,-27.04,0.399630244,0.031940684,-0.399630244,-0.3915,0.385284404,2.83125711,0.210648148,-0.46617189,0.437850878,0.917159763
0.72,0.24,0.02,0.01,0.484608203,0.28543487,0.28364202,0.351228364,1.192729653,1.07506076,1.46313156,0.218425131,0.092592593,1.5,-27.04,0.399630244,0.031940684,-0.399630244,-0.3915,0.385284404,2.83125711,0.210648148,-0.46617189,0.437850878,0.648191979
0.72,0.24,0.02,0.01,0.484608203,0.28543487,0.28364202,0.351228364,1.192729653,1.07506076,1.46313156,0.218425131,0.092592593,1.5,-27.04,0.399630244,0.031940684,-0.399630244,-0.3915,0.385284404,2.83125711,0.210648148,-0.46617189,0.437850878,0.518408941
0.72,0.24,0.02,0.01,0.38635278,0.37118155,0.370144367,0.375892899,1.65491533,1.69758505,1.210980037,0.053578702,1.355,1.5,1128.96,0.393706902,0.048347612,-0.393706902,0.3871,0.428404794,2.367351851,0.046296296,-0.465656557,0.396777661,0.58988764
0.72,0.24,0.02,0.01,0.38635278,0.37118155,0.370144367,0.375892899,1.65491533,1.69758505,1.210980037,0.053578702,1.355,1.5,1128.96,0.393706902,0.048347612,-0.393706902,0.3871,0.428404794,2.367351851,0.046296296,-0.465656557,0.396777661,0.559837993
0.72,0.24,0.02,0.01,0.38635278,0.37118155,0.370144367,0.375892899,1.65491533,1.69758505,1.210980037,0.053578702,1.355,1.5,1128.96,0.393706902,0.048347612,-0.393706902,0.3871,0.428404794,2.367351851,0.046296296,-0.465656557,0.396777661,0.545466423
0.72,0.24,0.02,0.01,0.18914637,0.370144367,0.33377582,0.297688852,1.080198396,1.210980037,1.0796178,0.040220582,0.25,1.666666667,0.505725462,0.465656557,0.305409841,-0.465656557,0.3234,0.396777661,2.539538861,0.138888889,-0.393700042,0.435834997,0.629133858
0.72,0.24,0.02,0.01,0.18914637,0.370144367,0.33377582,0.297688852,1.080198396,1.210980037,1.0796178,0.040220582,0.25,1.666666667,0.505725462,0.465656557,0.305409841,-0.465656557,0.3234,0.396777661,2.539538861,0.138888889,-0.393700042,0.435834997,0.558005249
0.72,0.24,0.02,0.01,0.18914637,0.370144367,0.33377582,0.297688852,1.080198396,1.210980037,1.0796178,0.040220582,0.25,1.666666667,0.505725462,0.465656557,0.305409841,-0.465656557,0.3234,0.396777661,2.539538861,0.138888889,-0.393700042,0.435834997,0.527559055
0.72,0.24,0.02,0.01,0.28543487,0.3221654,0.38635278,0.331317683,1.07506076,1.384727476,1.65491533,0.031940684,1,1.5,6.883957759,0.300343903,0.126267944,-0.300343903,0.5953,0.398236962,2.339092315,1.355,-0.065382385,0.462954281,0.32571829
0.72,0.24,0.02,0.01,0.28543487,0.3221654,0.38635278,0.331317683,1.07506076,1.384727476,1.65491533,0.031940684,1,1.5,6.883957759,0.300343903,0.126267944,-0.300343903,0.5953,0.398236962,2.339092315,1.355,-0.065382385,0.462954281,0.249474422
0.72,0.24,0.02,0.01,0.28543487,0.3221654,0.38635278,0.331317683,1.07506076,1.384727476,1.65491533,0.031940684,1,1.5,6.883957759,0.300343903,0.126267944,-0.300343903,0.5953,0.398236962,2.339092315,1.355,-0.065382385,0.462954281,0.204765242
0.72,0.24,0.02,0.01,0.3221654,0.2553321,0.18487532,0.254124273,1.384727476,1.24702681,0.94695218,0.126267944,0.166666667,2,1.156009256,0.481433475,0.299684553,-0.481433475,0.0909,0.429882883,2.530060457,1.364795918,-0.065382383,0.480610605,1.042553191
0.72,0.24,0.02,0.01,0.3221654,0.2553321,0.18487532,0.254124273,1.384727476,1.24702681,0.94695218,0.126267944,0.166666667,2,1.156009256,0.481433475,0.299684553,-0.481433475,0.0909,0.429882883,2.530060457,1.364795918,-0.065382383,0.480610605,0.969414894
0.72,0.24,0.02,0.01,0.3221654,0.2553321,0.18487532,0.254124273,1.384727476,1.24702681,0.94695218,0.126267944,0.166666667,2,1.156009256,0.481433475,0.299684553,-0.481433475,0.0909,0.429882883,2.530060457,1.364795918,-0.065382383,0.480610605,0.830452128
0.72,0.24,0.02,0.01,0.17376229,0.18914637,0.3221654,0.22835802,0.72049395,1.080198396,1.384727476,0.007737643,0.84375,2,1.96,0.396663715,0.040220582,-0.396663715,-0.0014,0.406807966,2.803039488,0.166666667,-0.300343903,0.398236962,0.75711575
0.72,0.24,0.02,0.01,0.17376229,0.18914637,0.3221654,0.22835802,0.72049395,1.080198396,1.384727476,0.007737643,0.84375,2,1.96,0.396663715,0.040220582,-0.396663715,-0.0014,0.406807966,2.803039488,0.166666667,-0.300343903,0.398236962,0.746204934
0.72,0.24,0.02,0.01,0.17376229,0.18914637,0.3221654,0.22835802,0.72049395,1.080198396,1.384727476,0.007737643,0.84375,2,1.96,0.396663715,0.040220582,-0.396663715,-0.0014,0.406807966,2.803039488,0.166666667,-0.300343903,0.398236962,0.726280835
0.72,0.24,0.02,0.01,0.18487532,0.37623513,0.37118155,0.310764,0.94695218,1.26580363,1.69758505,0.053316205,1.364795918,1.5,6.883957759,0.300343903,0.126267944,-0.300343903,0.5953,0.398236962,2.323790008,0.166666667,-0.393706902,0.428404794,0.535885167
0.72,0.24,0.02,0.01,0.18487532,0.37623513,0.37118155,0.310764,0.94695218,1.26580363,1.69758505,0.053316205,1.364795918,1.5,6.883957759,0.300343903,0.126267944,-0.300343903,0.5953,0.398236962,2.323790008,0.166666667,-0.393706902,0.428404794,0.488516746
0.72,0.24,0.02,0.01,0.18487532,0.37623513,0.37118155,0.310764,0.94695218,1.26580363,1.69758505,0.053316205,1.364795918,1.5,6.883957759,0.300343903,0.126267944,-0.300343903,0.5953,0.398236962,2.323790008,0.166666667,-0.393706902,0.428404794,0.468708134
0.72,0.24,0.02,0.01,0.4256237,0.33377582,0.18914637,0.316181963,1.54721435,1.0796178,1.080198396,0.059180344,0.605709877,1.8,3.92,0.393700042,0.074238644,-0.393700042,-0.6405,0.435834997,1.632993162,0.25,-0.396663715,0.406807966,0.694949495
0.72,0.24,0.02,0.01,0.4256237,0.33377582,0.18914637,0.316181963,1.54721435,1.0796178,1.080198396,0.059180344,0.605709877,1.8,3.92,0.393700042,0.074238644,-0.393700042,-0.6405,0.435834997,1.632993162,0.25,-0.396663715,0.406807966,0.647138047
0.72,0.24,0.02,0.01,0.4256237,0.33377582,0.18914637,0.316181963,1.54721435,1.0796178,1.080198396,0.059180344,0.605709877,1.8,3.92,0.393700042,0.074238644,-0.393700042,-0.6405,0.435834997,1.632993162,0.25,-0.396663715,0.406807966,0.618316498
0.72,0.24,0.02,0.01,0.4256237,0.33377582,0.18914637,0.316181963,1.54721435,1.0796178,1.080198396,0.059180344,0.605709877,1.8,3.92,0.393700042,0.074238644,-0.393700042,-0.6405,0.435834997,1.632993162,0.25,-0.396663715,0.406807966,0.604579125
0.72,0.24,0.02,0.01,0.370144367,0.484608203,0.4256237,0.42679209,1.210980037,1.192729653,1.54721435,0.305409841,-0.046296296,1.5,1.758184438,0.349064265,0.218425131,-0.349064265,0.0945,0.409906883,3.134861511,0.605709877,-0.082713195,0.528586339,0.224126984
0.72,0.24,0.02,0.01,0.370144367,0.484608203,0.4256237,0.42679209,1.210980037,1.192729653,1.54721435,0.305409841,-0.046296296,1.5,1.758184438,0.349064265,0.218425131,-0.349064265,0.0945,0.409906883,3.134861511,0.605709877,-0.082713195,0.528586339,0.167830688
0.72,0.24,0.02,0.01,0.370144367,0.484608203,0.4256237,0.42679209,1.210980037,1.192729653,1.54721435,0.305409841,-0.046296296,1.5,1.758184438,0.349064265,0.218425131,-0.349064265,0.0945,0.409906883,3.134861511,0.605709877,-0.082713195,0.528586339,0.157354497
0.72,0.24,0.02,0.01,0.33377582,0.19431809,0.37061197,0.299568627,1.0796178,0.547261949,0.86131363,0.074238644,-0.560185185,0.857142857,2.63114094,0.304159943,0.004743854,-0.304159943,1.3481,0.51837487,1.974744871,0.125,-0.393990542,0.407527891,0.35017452
0.72,0.24,0.02,0.01,0.33377582,0.19431809,0.37061197,0.299568627,1.0796178,0.547261949,0.86131363,0.074238644,-0.560185185,0.857142857,2.63114094,0.304159943,0.004743854,-0.304159943,1.3481,0.51837487,1.974744871,0.125,-0.393990542,0.407527891,0.34965096
0.72,0.24,0.02,0.01,0.33377582,0.19431809,0.37061197,0.299568627,1.0796178,0.547261949,0.86131363,0.074238644,-0.560185185,0.857142857,2.63114094,0.304159943,0.004743854,-0.304159943,1.3481,0.51837487,1.974744871,0.125,-0.393990542,0.407527891,0.328621291
0.72,0.24,0.02,0.01,0.37118155,0.31287825,0.484608203,0.389556001,1.69758505,1.52151552,1.192729653,0.048347612,-0.166666667,1,1.038264132,0.062249086,0.039774526,-0.062249086,1.99502,0.45880628,3.257586161,0.092592593,-0.349064265,0.409906883,0.635861561
0.72,0.24,0.02,0.01,0.37118155,0.31287825,0.484608203,0.389556001,1.69758505,1.52151552,1.192729653,0.048347612,-0.166666667,1,1.038264132,0.062249086,0.039774526,-0.062249086,1.99502,0.45880628,3.257586161,0.092592593,-0.349064265,0.409906883,0.614506627
0.72,0.24,0.02,0.01,0.37118155,0.31287825,0.484608203,0.389556001,1.69758505,1.52151552,1.192729653,0.048347612,-0.166666667,1,1.038264132,0.062249086,0.039774526,-0.062249086,1.99502,0.45880628,3.257586161,0.092592593,-0.349064265,0.409906883,0.583210604
0.6,0.32,0.1,0.1,0.33475372,0.370144367,0.3221654,0.342354496,1.43194772,1.210980037,1.384727476,0.221873564,0.291666667,1.666666667,0.505725462,0.465656557,0.305409841,-0.465656557,0.3234,0.396777661,2.803039488,0.166666667,-0.300343903,0.398236962,1.119165839
0.6,0.32,0.1,0.1,0.28364202,0.28543487,0.37118155,0.31341948,1.46313156,1.07506076,1.69758505,0.302112778,-0.210648148,1.5,-27.04,0.399630244,0.031940684,-0.399630244,-0.3915,0.385284404,2.323790008,0.166666667,-0.393706902,0.428404794,0.180594966
0.6,0.32,0.1,0.1,0.28364202,0.28543487,0.37118155,0.31341948,1.46313156,1.07506076,1.69758505,0.302112778,-0.210648148,1.5,-27.04,0.399630244,0.031940684,-0.399630244,-0.3915,0.385284404,2.323790008,0.166666667,-0.393706902,0.428404794,0.052540046
0.6,0.32,0.1,0.1,0.28364202,0.28543487,0.37118155,0.31341948,1.46313156,1.07506076,1.69758505,0.302112778,-0.210648148,1.5,-27.04,0.399630244,0.031940684,-0.399630244,-0.3915,0.385284404,2.323790008,0.166666667,-0.393706902,0.428404794,0.039789474
0.6,0.32,0.1,0.1,0.370144367,0.33475372,0.18487532,0.296591136,1.210980037,1.43194772,0.94695218,0.305409841,-0.046296296,1.714285714,0.734423082,0.345748915,0.221873564,-0.345748915,0.2386,0.425686211,2.530060457,1.364795918,-0.065382383,0.480610605,0.55166495
0.6,0.32,0.1,0.1,0.370144367,0.33475372,0.18487532,0.296591136,1.210980037,1.43194772,0.94695218,0.305409841,-0.046296296,1.714285714,0.734423082,0.345748915,0.221873564,-0.345748915,0.2386,0.425686211,2.530060457,1.364795918,-0.065382383,0.480610605,0.527634741
0.6,0.32,0.1,0.1,0.370144367,0.33475372,0.18487532,0.296591136,1.210980037,1.43194772,0.94695218,0.305409841,-0.046296296,1.714285714,0.734423082,0.345748915,0.221873564,-0.345748915,0.2386,0.425686211,2.530060457,1.364795918,-0.065382383,0.480610605,0.545142465
0.6,0.32,0.1,0.1,0.33377582,0.38635278,0.18487532,0.301667973,1.0796178,1.65491533,0.94695218,0.074238644,-0.560185185,0.833333333,4,0.065382385,0.053578702,-0.065382385,2.5866,0.462954281,2.530060457,1.364795918,-0.065382383,0.480610605,0.424054706
0.6,0.32,0.1,0.1,0.33377582,0.38635278,0.18487532,0.301667973,1.0796178,1.65491533,0.94695218,0.074238644,-0.560185185,0.833333333,4,0.065382385,0.053578702,-0.065382385,2.5866,0.462954281,2.530060457,1.364795918,-0.065382383,0.480610605,0.331295253
0.6,0.32,0.1,0.1,0.33377582,0.38635278,0.18487532,0.301667973,1.0796178,1.65491533,0.94695218,0.074238644,-0.560185185,0.833333333,4,0.065382385,0.053578702,-0.065382385,2.5866,0.462954281,2.530060457,1.364795918,-0.065382383,0.480610605,0.313193886
